0.03,0,0.063,0,1.1094e+18,10,1e+05,-0.0022948,0,0.987,-0.641,0.75767,0.24358,0.41073,0.34569
0.029916,0,0.062929,0.00011001,1.1109e+18,10,1e+05,-0.002279,0,0.987,-0.64102,0.75765,0.24359,0.41074,0.34567
0.02984,0,0.062864,0.00021001,1.1122e+18,10,1e+05,-0.0022647,0,0.987,-0.64103,0.75763,0.2436,0.41074,0.34566
0.029763,0,0.0628,0.00031001,1.1135e+18,10,1e+05,-0.0022504,0,0.987,-0.64104,0.7576,0.24361,0.41075,0.34564
0.029687,0,0.062735,0.00041,1.1149e+18,10,99999,-0.0022362,0,0.987,-0.64105,0.75758,0.24361,0.41076,0.34563
0.029611,0,0.062671,0.00051,1.1163e+18,10,99999,-0.0022221,0,0.987,-0.64106,0.75756,0.24362,0.41076,0.34562
0.029534,0,0.062606,0.00061,1.1176e+18,10,99999,-0.0022079,0,0.987,-0.64107,0.75754,0.24363,0.41077,0.3456
0.029458,0,0.062541,0.00071,1.119e+18,10,99999,-0.0021939,0,0.987,-0.64108,0.75752,0.24364,0.41078,0.34559
0.029382,0,0.062477,0.00081,1.1203e+18,10,99999,-0.0021798,0,0.987,-0.64109,0.7575,0.24364,0.41078,0.34557
0.029305,0,0.062412,0.00091001,1.1216e+18,10,99999,-0.0021658,0,0.987,-0.6411,0.75748,0.24365,0.41079,0.34556
0.029229,0,0.062348,0.00101,1.1229e+18,10,99999,-0.0021519,0,0.987,-0.64111,0.75746,0.24366,0.41079,0.34555
0.029153,0,0.062283,0.00111,1.1242e+18,10,99999,-0.002138,0,0.987,-0.64113,0.75744,0.24367,0.4108,0.34553
0.029076,0,0.062218,0.00121,1.1254e+18,10,99998,-0.0021241,0,0.987,-0.64114,0.75742,0.24367,0.41081,0.34552
0.029,0,0.062154,0.00131,1.1266e+18,10,99998,-0.0021103,0,0.987,-0.64115,0.7574,0.24368,0.41081,0.34551
0.028924,0,0.062089,0.00141,1.1277e+18,10,99998,-0.0020965,0,0.987,-0.64116,0.75738,0.24369,0.41082,0.34549
0.028847,0,0.062025,0.00151,1.1288e+18,10,99998,-0.0020827,0,0.987,-0.64117,0.75736,0.24369,0.41083,0.34548
0.028771,0,0.06196,0.00161,1.1298e+18,10,99998,-0.002069,0,0.987,-0.64118,0.75734,0.2437,0.41083,0.34547
0.028695,0,0.061895,0.00171,1.1307e+18,10,99998,-0.0020554,0,0.987,-0.64119,0.75732,0.24371,0.41084,0.34545
0.028618,0,0.061831,0.00181,1.1316e+18,10,99998,-0.0020418,0,0.987,-0.6412,0.75731,0.24371,0.41084,0.34544
0.028542,0,0.061766,0.00191,1.1323e+18,10,99998,-0.0020282,0,0.987,-0.64121,0.75729,0.24372,0.41085,0.34543
0.028466,0,0.061702,0.00201,1.133e+18,10,99997,-0.0020147,0,0.98699,-0.64122,0.75728,0.24373,0.41086,0.34542
0.028389,0,0.061637,0.00211,1.1336e+18,10,99997,-0.0020012,0,0.98699,-0.64123,0.75726,0.24373,0.41086,0.3454
0.028313,0,0.061572,0.00221,1.1341e+18,10,99997,-0.0019878,0,0.98699,-0.64124,0.75725,0.24374,0.41087,0.34539
0.028237,0,0.061508,0.00231,1.1344e+18,10,99997,-0.0019744,0,0.98699,-0.64125,0.75724,0.24374,0.41088,0.34538
0.02816,0,0.061443,0.00241,1.1347e+18,10,99997,-0.001961,0,0.98699,-0.64126,0.75723,0.24375,0.41088,0.34537
0.028084,0,0.061379,0.00251,1.1348e+18,10,99997,-0.0019477,0,0.98699,-0.64127,0.75722,0.24376,0.41089,0.34536
0.028008,0,0.061314,0.00261,1.1348e+18,10,99997,-0.0019344,0,0.98699,-0.64128,0.75721,0.24376,0.41089,0.34535
0.027931,0,0.061249,0.00271,1.1346e+18,10,99996,-0.0019212,0,0.98699,-0.64129,0.7572,0.24377,0.4109,0.34534
0.027855,0,0.061185,0.00281,1.1343e+18,10,99996,-0.001908,0,0.98699,-0.6413,0.7572,0.24377,0.4109,0.34532
0.027779,0,0.06112,0.00291,1.1339e+18,10,99996,-0.0018949,0,0.98699,-0.64131,0.75719,0.24378,0.41091,0.34531
0.027702,0,0.061056,0.00301,1.1333e+18,10,99996,-0.0018818,0,0.98699,-0.64132,0.75719,0.24378,0.41092,0.3453
0.027626,0,0.060991,0.00311,1.1325e+18,10,99996,-0.0018687,0,0.98699,-0.64133,0.75719,0.24378,0.41092,0.34529
0.02755,0,0.060926,0.00321,1.1315e+18,10,99996,-0.0018557,0,0.98699,-0.64134,0.75719,0.24379,0.41093,0.34528
0.027473,0,0.060862,0.00331,1.1304e+18,10,99996,-0.0018427,0,0.98699,-0.64135,0.75719,0.24379,0.41093,0.34528
0.027397,0,0.060797,0.00341,1.1291e+18,10,99996,-0.0018298,0,0.98699,-0.64136,0.75719,0.2438,0.41094,0.34527
0.027321,0,0.060733,0.00351,1.1276e+18,10,99995,-0.0018169,0,0.98699,-0.64137,0.7572,0.2438,0.41094,0.34526
0.027244,0,0.060668,0.00361,1.1259e+18,10,99995,-0.0018041,0,0.987,-0.64138,0.7572,0.2438,0.41095,0.34525
0.027168,0,0.060603,0.00371,1.1241e+18,10,99995,-0.0017913,0,0.987,-0.64139,0.75721,0.24381,0.41095,0.34524
0.027092,0,0.060539,0.00381,1.122e+18,10,99995,-0.0017785,0,0.987,-0.6414,0.75722,0.24381,0.41095,0.34524
0.027015,0,0.060474,0.00391,1.1196e+18,10,99995,-0.0017658,0,0.987,-0.64141,0.75724,0.24381,0.41096,0.34523
0.026939,0,0.06041,0.00401,1.1171e+18,10,99995,-0.0017531,0,0.987,-0.64142,0.75725,0.24382,0.41096,0.34522
0.026863,0,0.060345,0.00411,1.1143e+18,10,99995,-0.0017405,0,0.987,-0.64143,0.75727,0.24382,0.41096,0.34522
0.026786,0,0.06028,0.00421,1.1113e+18,10,99995,-0.0017279,0,0.987,-0.64144,0.75729,0.24382,0.41097,0.34521
0.02671,0,0.060216,0.00431,1.1081e+18,10,99994,-0.0017154,0,0.987,-0.64145,0.75731,0.24382,0.41097,0.34521
0.026634,0,0.060151,0.00441,1.1046e+18,10,99994,-0.0017029,0,0.987,-0.64146,0.75733,0.24382,0.41097,0.3452
0.026557,0,0.060087,0.00451,1.1008e+18,10,99994,-0.0016904,0,0.987,-0.64147,0.75736,0.24383,0.41097,0.34521
0.026481,0,0.060022,0.00461,1.0968e+18,10,99994,-0.001678,0,0.987,-0.64148,0.75738,0.24384,0.41096,0.34521
0.026405,0,0.059958,0.00471,1.0926e+18,10,99994,-0.0016656,0,0.987,-0.64149,0.75741,0.24384,0.41094,0.34521
0.026328,0,0.059893,0.00481,1.0882e+18,10,99994,-0.0016533,0,0.987,-0.6415,0.75744,0.24385,0.41093,0.34522
0.026252,0,0.059828,0.00491,1.0836e+18,10,99994,-0.001641,0,0.987,-0.64151,0.75748,0.24385,0.41092,0.34522
0.026176,0,0.059764,0.00501,1.0789e+18,10,99994,-0.0016288,0,0.987,-0.64152,0.75751,0.24386,0.41091,0.34523
0.026099,0,0.059699,0.00511,1.0741e+18,10,99993,-0.0016166,0,0.987,-0.64153,0.75755,0.24386,0.4109,0.34523
0.026023,0,0.059635,0.00521,1.0691e+18,10,99993,-0.0016044,0,0.987,-0.64154,0.75758,0.24387,0.41089,0.34524
0.025946,0,0.05957,0.00531,1.0641e+18,10,99993,-0.0015923,0,0.987,-0.64154,0.75762,0.24387,0.41089,0.34524
0.02587,0,0.059505,0.00541,1.059e+18,10,99993,-0.0015802,0,0.987,-0.64155,0.75766,0.24388,0.41088,0.34525
0.025794,0,0.059441,0.00551,1.0539e+18,10,99993,-0.0015682,0,0.987,-0.64156,0.75769,0.24388,0.41087,0.34525
0.025717,0,0.059376,0.00561,1.0489e+18,10,99993,-0.0015562,0,0.987,-0.64157,0.75773,0.24388,0.41086,0.34526
0.025641,0,0.059312,0.00571,1.0438e+18,10,99993,-0.0015443,0,0.987,-0.64158,0.75777,0.24389,0.41086,0.34526
0.025565,0,0.059247,0.00581,1.0388e+18,10,99993,-0.0015324,0,0.987,-0.64159,0.75781,0.24389,0.41085,0.34526
0.025488,0,0.059183,0.00591,1.0339e+18,10,99992,-0.0015205,0,0.987,-0.6416,0.75784,0.24389,0.41084,0.34526
0.025412,0,0.059118,0.00601,1.029e+18,10,99992,-0.0015087,0,0.987,-0.64161,0.75788,0.24389,0.41084,0.34527
0.025336,0,0.059053,0.00611,1.0243e+18,10,99992,-0.001497,0,0.987,-0.64162,0.75791,0.2439,0.41083,0.34527
0.025259,0,0.058989,0.00621,1.0198e+18,10,99992,-0.0014852,0,0.987,-0.64163,0.75795,0.2439,0.41083,0.34527
0.025183,0,0.058924,0.00631,1.0154e+18,10,99992,-0.0014735,0,0.987,-0.64164,0.75798,0.2439,0.41083,0.34527
0.025107,0,0.05886,0.00641,1.0112e+18,10,99992,-0.0014619,0,0.987,-0.64164,0.75801,0.2439,0.41082,0.34527
0.02503,0,0.058795,0.00651,1.0072e+18,10,99992,-0.0014503,0,0.98701,-0.64165,0.75804,0.24391,0.41082,0.34527
0.024954,0,0.058731,0.00661,1.0035e+18,10,99992,-0.0014388,0,0.98701,-0.64166,0.75806,0.24391,0.41082,0.34527
0.024877,0,0.058666,0.00671,1e+18,10,99992,-0.0014272,0,0.98701,-0.64167,0.75808,0.24391,0.41081,0.34527
0.024801,0,0.058601,0.00681,9.9687e+17,10,99991,-0.0014158,0,0.98701,-0.64168,0.75811,0.24392,0.41081,0.34527
0.024725,0,0.058537,0.00691,9.9404e+17,10,99991,-0.0014044,0,0.98701,-0.64169,0.75812,0.24392,0.41081,0.34527
0.024648,0,0.058472,0.00701,9.9154e+17,10,99991,-0.001393,0,0.98701,-0.6417,0.75814,0.24393,0.41081,0.34527
0.024572,0,0.058408,0.00711,9.8941e+17,10,99991,-0.0013816,0,0.98701,-0.64171,0.75815,0.24393,0.4108,0.34527
0.024496,0,0.058343,0.00721,9.8768e+17,10,99991,-0.0013703,0,0.98701,-0.64172,0.75816,0.24394,0.4108,0.34526
0.024419,0,0.058279,0.00731,9.8636e+17,10,99991,-0.0013591,0,0.98701,-0.64172,0.75816,0.24394,0.41079,0.34526
0.024343,0,0.058214,0.00741,9.8549e+17,10,99991,-0.0013479,0,0.98701,-0.64173,0.75816,0.24395,0.41079,0.34526
0.024266,0,0.05815,0.00751,9.8508e+17,10,99991,-0.0013367,0,0.98701,-0.64174,0.75816,0.24396,0.41078,0.34526
0.02419,0,0.058085,0.00761,9.8516e+17,10,99990,-0.0013256,0,0.98701,-0.64175,0.75815,0.24397,0.41077,0.34526
0.024114,0,0.05802,0.00771,9.8576e+17,10,99990,-0.0013145,0,0.98701,-0.64176,0.75814,0.24398,0.41076,0.34526
0.024037,0,0.057956,0.00781,9.869e+17,10,99990,-0.0013035,0,0.98701,-0.64177,0.75812,0.244,0.41075,0.34526
0.023961,0,0.057891,0.00791,9.886e+17,10,99990,-0.0012925,0,0.98701,-0.64178,0.7581,0.24401,0.41073,0.34525
0.023885,0,0.057827,0.00801,9.9089e+17,10,99990,-0.0012815,0,0.98702,-0.64178,0.75807,0.24403,0.41072,0.34525
0.023808,0,0.057762,0.00811,9.9379e+17,10,99990,-0.0012706,0,0.98702,-0.64179,0.75804,0.24405,0.4107,0.34525
0.023732,0,0.057698,0.00821,9.9733e+17,10,99990,-0.0012598,0,0.98702,-0.6418,0.758,0.24407,0.41068,0.34526
0.023655,0,0.057633,0.00831,1.0015e+18,10,99990,-0.0012489,0,0.98702,-0.64181,0.75795,0.24409,0.41065,0.34526
0.023579,0,0.057569,0.00841,1.0064e+18,10,99990,-0.0012382,0,0.98702,-0.64182,0.7579,0.24411,0.41063,0.34526
0.023503,0,0.057504,0.00851,1.012e+18,10,99989,-0.0012274,0,0.98702,-0.64183,0.75785,0.24414,0.4106,0.34526
0.023426,0,0.057439,0.00861,1.0184e+18,10,99989,-0.0012167,0,0.98702,-0.64183,0.75778,0.24417,0.41057,0.34527
0.02335,0,0.057375,0.00871,1.0255e+18,10,99989,-0.0012061,0,0.98702,-0.64184,0.75771,0.2442,0.41053,0.34527
0.023274,0,0.05731,0.00881,1.0333e+18,10,99989,-0.0011955,0,0.98702,-0.64185,0.75763,0.24423,0.41049,0.34528
0.023197,0,0.057246,0.00891,1.042e+18,10,99989,-0.0011849,0,0.98702,-0.64186,0.75755,0.24427,0.41045,0.34528
0.023121,0,0.057181,0.00901,1.0515e+18,10,99989,-0.0011744,0,0.98702,-0.64187,0.75746,0.2443,0.41041,0.34529
0.023045,0,0.057117,0.00911,1.0619e+18,10,99989,-0.0011639,0,0.98703,-0.64187,0.75736,0.24434,0.41036,0.3453
0.022968,0,0.057052,0.00921,1.0732e+18,10,99989,-0.0011535,0,0.98703,-0.64188,0.75725,0.24439,0.41031,0.3453
0.022892,0,0.056987,0.0093101,1.0853e+18,10,99988,-0.0011431,0,0.98703,-0.64189,0.75713,0.24443,0.41026,0.34531
0.022816,0,0.056923,0.0094101,1.0984e+18,10,99988,-0.0011327,0,0.98703,-0.6419,0.75701,0.24448,0.41021,0.34532
0.022739,0,0.056858,0.0095101,1.1125e+18,10,99988,-0.0011224,0,0.98703,-0.64191,0.75688,0.24452,0.41017,0.34531
0.022663,0,0.056794,0.0096101,1.1275e+18,10,99988,-0.0011122,0,0.98703,-0.64191,0.75674,0.24456,0.41014,0.3453
0.022587,0,0.056729,0.0097101,1.1433e+18,10,99988,-0.0011019,0,0.98703,-0.64192,0.75659,0.2446,0.41011,0.34529
0.02251,0,0.056664,0.0098101,1.1601e+18,10,99988,-0.0010918,0,0.98703,-0.64193,0.75643,0.24463,0.41009,0.34528
0.022434,0,0.0566,0.0099101,1.1776e+18,10,99988,-0.0010816,0,0.98703,-0.64194,0.75627,0.24467,0.41007,0.34526
0.022358,0,0.056535,0.01001,1.196e+18,10,99988,-0.0010715,0,0.98703,-0.64194,0.7561,0.24471,0.41006,0.34523
0.022281,0,0.056471,0.01011,1.2151e+18,10,99987,-0.0010615,0,0.98704,-0.64195,0.75592,0.24475,0.41004,0.34521
0.022205,0,0.056406,0.01021,1.2349e+18,10,99987,-0.0010515,0,0.98704,-0.64196,0.75573,0.24478,0.41003,0.34518
0.022129,0,0.056341,0.01031,1.2553e+18,10,99987,-0.0010415,0,0.98704,-0.64197,0.75554,0.24482,0.41003,0.34515
0.022052,0,0.056277,0.01041,1.2764e+18,10,99987,-0.0010316,0,0.98704,-0.64198,0.75535,0.24485,0.41003,0.34512
0.021976,0,0.056212,0.01051,1.2981e+18,10,99987,-0.0010217,0,0.98704,-0.64198,0.75515,0.24489,0.41003,0.34508
0.0219,0,0.056147,0.01061,1.3203e+18,10,99987,-0.0010119,0,0.98704,-0.64199,0.75494,0.24492,0.41004,0.34504
0.021823,0,0.056083,0.01071,1.3431e+18,10,99987,-0.0010021,0,0.98704,-0.642,0.75473,0.24495,0.41005,0.345
0.021747,0,0.056018,0.01081,1.3663e+18,10,99986,-0.00099236,0,0.98704,-0.64201,0.75452,0.24499,0.41006,0.34495
0.021671,0,0.055953,0.01091,1.39e+18,10,99986,-0.00098264,0,0.98704,-0.64201,0.7543,0.24502,0.41008,0.34491
0.021595,0,0.055889,0.01101,1.4141e+18,10,99986,-0.00097298,0,0.98705,-0.64202,0.75408,0.24505,0.41009,0.34486
0.021518,0,0.055824,0.01111,1.4385e+18,10,99986,-0.00096336,0,0.98705,-0.64203,0.75385,0.24508,0.41012,0.34481
0.021442,0,0.055759,0.01121,1.4632e+18,10,99986,-0.00095378,0,0.98705,-0.64204,0.75362,0.24511,0.41014,0.34475
0.021366,0,0.055695,0.01131,1.4883e+18,10,99986,-0.00094425,0,0.98705,-0.64204,0.75339,0.24514,0.41016,0.3447
0.02129,0,0.05563,0.01141,1.5135e+18,10,99985,-0.00093476,0,0.98705,-0.64205,0.75316,0.24517,0.41019,0.34464
0.021213,0,0.055565,0.01151,1.539e+18,10,99985,-0.00092531,0,0.98705,-0.64206,0.75292,0.24519,0.41022,0.34459
0.021137,0,0.0555,0.01161,1.5647e+18,10,99985,-0.00091591,0,0.98705,-0.64206,0.75269,0.24522,0.41025,0.34453
0.021061,0,0.055436,0.01171,1.5904e+18,10,99985,-0.00090655,0,0.98705,-0.64207,0.75245,0.24525,0.41028,0.34447
0.020985,0,0.055371,0.01181,1.6163e+18,10,99985,-0.00089724,0,0.98706,-0.64208,0.75221,0.24528,0.41032,0.34441
0.020908,0,0.055306,0.01191,1.6422e+18,10,99985,-0.00088796,0,0.98706,-0.64209,0.75197,0.2453,0.41035,0.34435
0.020832,0,0.055241,0.01201,1.6682e+18,10,99984,-0.00087873,0,0.98706,-0.64209,0.75173,0.24533,0.41038,0.34429
0.020756,0,0.055177,0.01211,1.6941e+18,10,99984,-0.00086954,0,0.98706,-0.6421,0.75149,0.24535,0.41042,0.34423
0.02068,0,0.055112,0.01221,1.72e+18,10,99984,-0.00086039,0,0.98706,-0.64211,0.75126,0.24538,0.41046,0.34417
0.020604,0,0.055047,0.01231,1.7457e+18,10,99984,-0.00085128,0,0.98706,-0.64211,0.75102,0.2454,0.41049,0.3441
0.020527,0,0.054982,0.01241,1.7714e+18,10,99984,-0.00084222,0,0.98706,-0.64212,0.75078,0.24543,0.41053,0.34404
0.020451,0,0.054918,0.01251,1.7969e+18,10,99983,-0.0008332,0,0.98707,-0.64213,0.75055,0.24545,0.41056,0.34398
0.020375,0,0.054853,0.01261,1.8221e+18,10,99983,-0.00082423,0,0.98707,-0.64213,0.75031,0.24548,0.4106,0.34392
0.020299,0,0.054788,0.01271,1.8471e+18,10,99983,-0.0008153,0,0.98707,-0.64214,0.75008,0.2455,0.41064,0.34386
0.020223,0,0.054723,0.01281,1.8718e+18,10,99983,-0.00080641,0,0.98707,-0.64215,0.74986,0.24553,0.41067,0.3438
0.020147,0,0.054658,0.01291,1.8962e+18,10,99983,-0.00079756,0,0.98707,-0.64215,0.74963,0.24555,0.41071,0.34374
0.020071,0,0.054594,0.01301,1.9202e+18,10,99982,-0.00078876,0,0.98707,-0.64216,0.74941,0.24557,0.41074,0.34368
0.019994,0,0.054529,0.01311,1.9438e+18,10,99982,-0.00078,0,0.98707,-0.64217,0.74919,0.2456,0.41078,0.34363
0.019918,0,0.054464,0.01321,1.967e+18,10,99982,-0.00077128,0,0.98708,-0.64217,0.74898,0.24562,0.41081,0.34357
0.019842,0,0.054399,0.01331,1.9897e+18,10,99982,-0.00076261,0,0.98708,-0.64218,0.74877,0.24564,0.41085,0.34351
0.019766,0,0.054334,0.01341,2.0119e+18,10,99981,-0.00075398,0,0.98708,-0.64219,0.74856,0.24566,0.41088,0.34346
0.01969,0,0.054269,0.01351,2.0335e+18,10,99981,-0.00074539,0,0.98708,-0.64219,0.74836,0.24568,0.41092,0.3434
0.019614,0,0.054205,0.01361,2.0546e+18,10,99981,-0.00073684,0,0.98708,-0.6422,0.74816,0.2457,0.41095,0.34335
0.019538,0,0.05414,0.01371,2.075e+18,10,99981,-0.00072834,0,0.98708,-0.64221,0.74798,0.24572,0.41098,0.3433
0.019462,0,0.054075,0.01381,2.0948e+18,10,99980,-0.00071988,0,0.98708,-0.64221,0.74779,0.24574,0.41101,0.34325
0.019386,0,0.05401,0.01391,2.1138e+18,10,99980,-0.00071147,0,0.98709,-0.64222,0.74761,0.24576,0.41104,0.3432
0.019309,0,0.053945,0.01401,2.1321e+18,10,99980,-0.0007031,0,0.98709,-0.64223,0.74744,0.24577,0.41107,0.34315
0.019233,0,0.05388,0.01411,2.1496e+18,10,99980,-0.00069477,0,0.98709,-0.64223,0.74728,0.24579,0.4111,0.34311
0.019157,0,0.053815,0.01421,2.1664e+18,10,99980,-0.00068648,0,0.98709,-0.64224,0.74712,0.24581,0.41113,0.34306
0.019081,0,0.05375,0.01431,2.1822e+18,10,99979,-0.00067824,0,0.98709,-0.64224,0.74698,0.24582,0.41116,0.34302
0.019005,0,0.053685,0.01441,2.1972e+18,10,99979,-0.00067004,0,0.98709,-0.64225,0.74684,0.24584,0.41118,0.34298
0.018929,0,0.05362,0.01451,2.2112e+18,10,99979,-0.00066188,0,0.9871,-0.64226,0.7467,0.24588,0.41113,0.34299
0.018853,0,0.053556,0.01461,2.2247e+18,10,99979,-0.00065377,0,0.9871,-0.64226,0.74657,0.24596,0.41102,0.34303
0.018777,0,0.053491,0.01471,2.2382e+18,10,99978,-0.0006457,0,0.9871,-0.64227,0.74645,0.24603,0.4109,0.34307
0.018701,0,0.053426,0.01481,2.2522e+18,10,99978,-0.00063767,0,0.9871,-0.64228,0.74631,0.24611,0.41077,0.34312
0.018625,0,0.053361,0.01491,2.2675e+18,10,99978,-0.00062969,0,0.9871,-0.64228,0.74617,0.2462,0.41063,0.34317
0.018549,0,0.053296,0.01501,2.2845e+18,10,99978,-0.00062175,0,0.9871,-0.64229,0.74601,0.24629,0.41048,0.34323
0.018473,0,0.053231,0.01511,2.3039e+18,10,99977,-0.00061385,0,0.98711,-0.64229,0.74582,0.2464,0.41031,0.34329
0.018397,0,0.053166,0.01521,2.3264e+18,10,99977,-0.000606,0,0.98711,-0.6423,0.74561,0.24651,0.41013,0.34335
0.018321,0,0.053101,0.01531,2.3524e+18,10,99977,-0.00059819,0,0.98711,-0.64231,0.74537,0.24664,0.40993,0.34343
0.018245,0,0.053036,0.01541,2.3825e+18,10,99976,-0.00059042,0,0.98711,-0.64231,0.74509,0.24679,0.4097,0.34351
0.018169,0,0.052971,0.01551,2.4175e+18,10,99976,-0.0005827,0,0.98711,-0.64232,0.74476,0.24695,0.40945,0.3436
0.018093,0,0.052906,0.01561,2.4578e+18,10,99976,-0.00057501,0,0.98712,-0.64232,0.74439,0.24714,0.40917,0.34369
0.018017,0,0.052841,0.01571,2.504e+18,10,99976,-0.00056737,0,0.98712,-0.64233,0.74396,0.24735,0.40885,0.3438
0.017941,0,0.052776,0.01581,2.5568e+18,10,99975,-0.00055978,0,0.98712,-0.64233,0.74347,0.24758,0.4085,0.34391
0.017865,0,0.052711,0.01591,2.6168e+18,10,99975,-0.00055223,0,0.98712,-0.64234,0.74291,0.24784,0.40813,0.34404
0.017789,0,0.052646,0.01601,2.6845e+18,10,99975,-0.00054471,0,0.98712,-0.64235,0.74228,0.24812,0.40772,0.34416
0.017713,0,0.052581,0.01611,2.7605e+18,10,99974,-0.00053725,0,0.98712,-0.64235,0.74158,0.24843,0.40729,0.34429
0.017637,0,0.052516,0.01621,2.8454e+18,10,99974,-0.00052982,0,0.98713,-0.64236,0.74079,0.24875,0.40684,0.34441
0.017561,0,0.052451,0.01631,2.9397e+18,10,99974,-0.00052244,0,0.98713,-0.64236,0.73992,0.2491,0.40638,0.34452
0.017485,0,0.052386,0.01641,3.0442e+18,10,99973,-0.00051509,0,0.98713,-0.64237,0.73895,0.24947,0.40591,0.34462
0.017409,0,0.05232,0.01651,3.1593e+18,10,99973,-0.00050779,0,0.98713,-0.64237,0.73788,0.24985,0.40544,0.34471
0.017333,0,0.052255,0.01661,3.2856e+18,10,99973,-0.00050054,0,0.98713,-0.64238,0.73671,0.25025,0.40499,0.34476
0.017257,0,0.05219,0.01671,3.4238e+18,10,99972,-0.00049332,0,0.98714,-0.64238,0.73543,0.25066,0.40455,0.34479
0.017182,0,0.052125,0.01681,3.5743e+18,10,99972,-0.00048615,0,0.98714,-0.64239,0.73403,0.25108,0.40414,0.34478
0.017106,0,0.052059,0.01691,3.7377e+18,10,99972,-0.00047901,0,0.98714,-0.6424,0.73251,0.2515,0.40377,0.34473
0.01703,0,0.051994,0.01701,3.9146e+18,10,99971,-0.00047192,0,0.98714,-0.6424,0.73087,0.25193,0.40343,0.34464
0.016955,0,0.051928,0.01711,4.1055e+18,10,99971,-0.00046487,0,0.98714,-0.64241,0.72909,0.25237,0.40313,0.3445
0.016879,0,0.051863,0.01721,4.3111e+18,10,99970,-0.00045786,0,0.98715,-0.64241,0.72717,0.25281,0.40287,0.34431
0.016804,0,0.051797,0.01731,4.5317e+18,10,99970,-0.00045089,0,0.98715,-0.64242,0.72511,0.25326,0.40267,0.34407
0.016728,0,0.051732,0.01741,4.768e+18,10,99969,-0.00044395,0,0.98715,-0.64242,0.7229,0.25372,0.4025,0.34378
0.016653,0,0.051666,0.01751,5.0205e+18,10,99969,-0.00043706,0,0.98715,-0.64243,0.72053,0.25418,0.40239,0.34343
0.016577,0,0.0516,0.01761,5.2898e+18,10,99968,-0.00043021,0,0.98715,-0.64243,0.718,0.25466,0.40232,0.34302
0.016502,0,0.051534,0.017711,5.5762e+18,10,99968,-0.0004234,0,0.98716,-0.64244,0.7153,0.25514,0.40229,0.34256
0.016427,0,0.051468,0.017811,5.8804e+18,10,99967,-0.00041663,0,0.98716,-0.64244,0.71243,0.25564,0.40231,0.34205
0.016352,0,0.051402,0.017911,6.2028e+18,10,99966,-0.0004099,0,0.98716,-0.64245,0.70938,0.25616,0.40236,0.34148
0.016277,0,0.051336,0.018011,6.5439e+18,10,99966,-0.0004032,0,0.98716,-0.64245,0.70614,0.25669,0.40245,0.34085
0.016202,0,0.051269,0.018111,6.9041e+18,10,99965,-0.00039654,0,0.98716,-0.64246,0.70271,0.25725,0.40258,0.34017
0.016127,0,0.051203,0.018211,7.2839e+18,10,99964,-0.00038993,0,0.98717,-0.64246,0.69908,0.25783,0.40273,0.33944
0.016053,0,0.051136,0.018311,7.6839e+18,10,99963,-0.00038335,0,0.98717,-0.64247,0.69525,0.25844,0.40291,0.33865
0.015978,0,0.05107,0.018411,8.1043e+18,10,99962,-0.0003768,0,0.98717,-0.64247,0.6912,0.25909,0.40311,0.3378
0.015904,0,0.051003,0.018511,8.5455e+18,10,99961,-0.00037029,0,0.98717,-0.64248,0.68693,0.25976,0.40334,0.3369
0.015829,0,0.050936,0.018611,9.0081e+18,10,99960,-0.00036382,0,0.98717,-0.64248,0.68243,0.26047,0.40358,0.33595
0.015755,0,0.050869,0.018711,9.4923e+18,10,99959,-0.00035739,0,0.98718,-0.64248,0.67771,0.26123,0.40384,0.33493
0.015681,0,0.050801,0.018811,9.9985e+18,10,99958,-0.00035099,0,0.98718,-0.64249,0.67274,0.26202,0.40412,0.33385
0.015607,0,0.050734,0.018911,1.0527e+19,10,99957,-0.00034463,0,0.98718,-0.64249,0.66752,0.26287,0.40441,0.33272
0.015534,0,0.050666,0.019011,1.1078e+19,10,99956,-0.0003383,0,0.98718,-0.6425,0.66205,0.26377,0.40472,0.33152
0.01546,0,0.050598,0.019111,1.1652e+19,10,99955,-0.000332,0,0.98718,-0.6425,0.65632,0.26472,0.40503,0.33025
0.015387,0,0.05053,0.019211,1.225e+19,10,99953,-0.00032574,0,0.98719,-0.64251,0.65031,0.26572,0.40536,0.32892
0.015314,0,0.050462,0.019311,1.287e+19,10,99952,-0.00031952,0,0.98719,-0.64251,0.64403,0.26679,0.4057,0.32751
0.015241,0,0.050393,0.019411,1.3515e+19,10,99951,-0.00031332,0,0.98719,-0.64251,0.63745,0.26793,0.40604,0.32602
0.015169,0,0.050324,0.019511,1.4183e+19,10,99949,-0.00030716,0,0.98719,-0.64252,0.63059,0.26913,0.40641,0.32446
0.015096,0,0.050255,0.019611,1.4874e+19,10,99947,-0.00030103,0,0.98719,-0.64252,0.62343,0.27039,0.40682,0.32279
0.015024,0,0.050186,0.019711,1.5589e+19,10,99946,-0.00029493,0,0.9872,-0.64253,0.61597,0.27171,0.40726,0.32103
0.014953,0,0.050116,0.019811,1.6324e+19,10,99944,-0.00028886,0,0.9872,-0.64253,0.60822,0.2731,0.40772,0.31918
0.014881,0,0.050046,0.019911,1.708e+19,10,99942,-0.00028282,0,0.9872,-0.64253,0.60018,0.27457,0.4082,0.31723
0.01481,0,0.049975,0.020011,1.7854e+19,10,99940,-0.00027681,0,0.9872,-0.64254,0.59187,0.27612,0.40869,0.3152
0.014739,0,0.049905,0.020111,1.8644e+19,10,99938,-0.00027083,0,0.9872,-0.64254,0.58329,0.27775,0.40918,0.31306
0.014669,0,0.049834,0.020211,1.9451e+19,10,99936,-0.00026488,0,0.98721,-0.64255,0.57444,0.27948,0.40969,0.31083
0.014599,0,0.049762,0.020312,2.0271e+19,10,99933,-0.00025895,0,0.98721,-0.64255,0.56534,0.28129,0.41021,0.3085
0.014529,0,0.049691,0.020412,2.1105e+19,10,99931,-0.00025305,0,0.98721,-0.64255,0.55598,0.2832,0.41074,0.30606
0.01446,0,0.049618,0.020512,2.1949e+19,10,99928,-0.00024718,0,0.98721,-0.64256,0.54638,0.28522,0.41128,0.3035
0.014391,0,0.049546,0.020612,2.2803e+19,10,99926,-0.00024133,0,0.98721,-0.64256,0.53654,0.28733,0.41184,0.30083
0.014323,0,0.049473,0.020712,2.3666e+19,10,99923,-0.00023551,0,0.98722,-0.64256,0.52647,0.28956,0.41242,0.29803
0.014255,0,0.049399,0.020812,2.4536e+19,10,99920,-0.00022971,0,0.98722,-0.64257,0.51617,0.29189,0.41301,0.2951
0.014188,0,0.049325,0.020912,2.5412e+19,10,99917,-0.00022393,0,0.98722,-0.64257,0.50566,0.29434,0.41363,0.29203
0.014121,0,0.049251,0.021012,2.6291e+19,10,99914,-0.00021818,0,0.98722,-0.64257,0.49494,0.29692,0.41427,0.28881
0.014055,0,0.049176,0.021112,2.7174e+19,10,99911,-0.00021245,0,0.98722,-0.64258,0.48401,0.29961,0.41495,0.28544
0.013988,0,0.049099,0.021214,2.8076e+19,10,99908,-0.00020662,0,0.98722,-0.64258,0.47266,0.3025,0.41568,0.28182
0.013923,0,0.049023,0.021314,2.8959e+19,10,99904,-0.00020094,0,0.98723,-0.64258,0.46135,0.30546,0.41643,0.27811
0.013858,0,0.048947,0.021414,2.9842e+19,10,99901,-0.00019527,0,0.98723,-0.64258,0.44985,0.30857,0.41723,0.2742
0.013795,0,0.048869,0.021514,3.0722e+19,10,99897,-0.00018961,0,0.98723,-0.64259,0.43818,0.31182,0.41808,0.2701
0.013732,0,0.048792,0.021614,3.1597e+19,10,99893,-0.00018398,0,0.98723,-0.64259,0.42635,0.31522,0.41899,0.26579
0.013669,0,0.048714,0.021713,3.2468e+19,10,99889,-0.00017837,0,0.98723,-0.64259,0.41436,0.31878,0.41996,0.26126
0.013608,0,0.048635,0.021813,3.3331e+19,10,99885,-0.00017277,0,0.98724,-0.6426,0.40222,0.32251,0.421,0.25649
0.013547,0,0.048555,0.021913,3.4187e+19,10,99880,-0.00016718,0,0.98724,-0.6426,0.38994,0.3264,0.42212,0.25147
0.013488,0,0.048475,0.022013,3.5033e+19,10,99876,-0.00016161,0,0.98724,-0.6426,0.37753,0.33048,0.42333,0.24619
0.013429,0,0.048394,0.022113,3.5868e+19,10,99872,-0.00015606,0,0.98724,-0.6426,0.365,0.33474,0.42463,0.24063
0.013371,0,0.048313,0.022213,3.6691e+19,10,99867,-0.00015051,0,0.98724,-0.6426,0.35235,0.3392,0.42603,0.23477
0.013314,0,0.048231,0.022313,3.7501e+19,10,99862,-0.00014498,0,0.98724,-0.64261,0.33961,0.34385,0.42755,0.2286
0.013259,0,0.048148,0.022413,3.8297e+19,10,99857,-0.00013946,0,0.98724,-0.64261,0.32678,0.34872,0.42918,0.2221
0.013204,0,0.048064,0.022513,3.9076e+19,10,99852,-0.00013395,0,0.98725,-0.64261,0.31386,0.3538,0.43095,0.21526
0.013151,0,0.04798,0.022613,3.9838e+19,10,99847,-0.00012844,0,0.98725,-0.64261,0.30087,0.3591,0.43285,0.20805
0.013099,0,0.047895,0.022712,4.0582e+19,10,99841,-0.00012295,0,0.98725,-0.64262,0.28783,0.36463,0.4349,0.20047
0.013048,0,0.04781,0.022811,4.1299e+19,10,99836,-0.00011752,0,0.98725,-0.64262,0.27488,0.37032,0.43709,0.19259
0.012999,0,0.047723,0.022911,4.2003e+19,10,99830,-0.00011203,0,0.98725,-0.64262,0.26174,0.37632,0.43947,0.18421
0.012951,0,0.047635,0.023011,4.2686e+19,10,99825,-0.00010654,0,0.98725,-0.64262,0.24857,0.38256,0.44202,0.17541
0.012904,0,0.047547,0.023111,4.3345e+19,10,99819,-0.00010106,0,0.98725,-0.64262,0.23539,0.38904,0.44476,0.1662
0.012859,0,0.047458,0.023211,4.398e+19,10,99813,-9.5572e-05,0,0.98725,-0.64262,0.22221,0.39575,0.44768,0.15657
0.012816,0,0.047368,0.023311,4.4588e+19,10,99807,-9.0089e-05,0,0.98726,-0.64263,0.20904,0.40268,0.45079,0.14653
0.012775,0,0.047277,0.023411,4.517e+19,10,99801,-8.4605e-05,0,0.98726,-0.64263,0.19589,0.40981,0.45409,0.1361
0.012735,0,0.047185,0.02351,4.5724e+19,10,99794,-7.9119e-05,0,0.98726,-0.64263,0.18278,0.41712,0.45757,0.12531
0.012697,0,0.047092,0.02361,4.6248e+19,10,99788,-7.363e-05,0,0.98726,-0.64263,0.16971,0.42458,0.46121,0.11421
0.012662,0,0.046999,0.02371,4.6741e+19,10,99781,-6.8137e-05,0,0.98726,-0.64263,0.1567,0.43215,0.46499,0.10285
0.012629,0,0.046905,0.02381,4.7203e+19,10,99775,-6.2639e-05,0,0.98726,-0.64263,0.14375,0.43977,0.4689,0.091333
0.012597,0,0.04681,0.02391,4.7632e+19,10,99768,-5.7135e-05,0,0.98726,-0.64263,0.13087,0.44737,0.47288,0.079752
0.012569,0,0.046714,0.02401,4.8026e+19,10,99762,-5.1624e-05,0,0.98726,-0.64263,0.11807,0.45487,0.47688,0.068247
0.012543,0,0.046618,0.02411,4.8385e+19,10,99755,-4.6107e-05,0,0.98726,-0.64263,0.10535,0.46217,0.48086,0.056977
0.012519,0,0.046521,0.02421,4.8707e+19,10,99748,-4.0582e-05,0,0.98726,-0.64264,0.092716,0.46915,0.48472,0.046128
0.011535,0,0.046521,0.025194,6.0808e+19,10,77704,-3.6961e-05,0,0.98732,-0.64264,0.024957,0.0047238,0.0028855,0.99239
0.011535,0,0.046521,0.025194,6.0808e+19,10,77704,-3.6961e-05,0,0.98732,-0.64264,0.024957,0.0047238,0.0028855,0.99239
0.011456,0,0.046466,0.02529,6.1626e+19,10,77569,-3.3875e-05,0,0.98732,-0.64264,0.15508,0.11838,0.065394,0.81622
0.0114,0,0.046382,0.025391,6.2194e+19,10,77524,-2.9415e-05,0,0.98732,-0.64264,0.23082,0.19026,0.094707,0.71503
0.011363,0,0.046287,0.025493,6.2556e+19,10,77483,-2.4496e-05,0,0.98732,-0.64264,0.29794,0.24502,0.10926,0.64571
0.011345,0,0.046188,0.025594,6.2733e+19,10,77443,-1.9425e-05,0,0.98732,-0.64264,0.36254,0.29192,0.11565,0.59243
0.011344,0,0.046088,0.025694,6.2739e+19,10,77402,-1.4339e-05,0,0.98732,-0.64264,0.42778,0.33565,0.11674,0.54761
0.011361,0,0.045989,0.025794,6.2575e+19,10,77359,-9.3613e-06,0,0.98732,-0.64264,0.4957,0.37882,0.11391,0.50727
0.011397,0,0.045891,0.025898,6.2221e+19,10,77311,-4.4154e-06,0,0.98732,-0.64264,0.57132,0.42512,0.10756,0.46732
0.011448,0,0.045805,0.025998,6.1706e+19,10,77264,-6.7589e-08,0,0.98732,-0.64264,0.64985,0.47163,0.098753,0.42962
0.011514,0,0.04573,0.026098,6.1024e+19,10,77213,3.7689e-06,0,0.98731,-0.64264,0.73648,0.52123,0.087753,0.39102
0.011593,0,0.045668,0.026198,6.0186e+19,10,77158,6.9632e-06,0,0.98731,-0.64263,0.83374,0.57409,0.075068,0.35084
0.011682,0,0.045622,0.026298,5.9213e+19,10,77099,9.4049e-06,0,0.98731,-0.64263,0.94535,0.63,0.061337,0.30866
0.011772,0,0.045593,0.026393,5.8185e+19,10,77035,1.0949e-05,0,0.9873,-0.64263,1.0705,0.68549,0.04798,0.26653
0.011872,0,0.045581,0.026494,5.7019e+19,10,76958,1.1679e-05,0,0.9873,-0.64262,1.2327,0.74545,0.034382,0.22017
0.011974,0,0.045587,0.026596,5.5789e+19,10,76861,1.139e-05,0,0.98729,-0.64262,1.4476,0.80592,0.022056,0.17203
0.012058,0,0.045608,0.026683,5.475e+19,10,76755,1.0275e-05,0,0.98729,-0.64262,1.6951,0.85472,0.0135,0.13178
0.012157,0,0.045657,0.026793,5.3497e+19,10,76560,7.6578e-06,0,0.98728,-0.64261,2.171,0.91025,0.0057783,0.083969
0.012235,0,0.045722,0.026894,5.2492e+19,10,76257,4.1263e-06,0,0.98728,-0.64261,2.9409,0.95123,0.0018819,0.046885
0.012296,0,0.045799,0.026992,5.1694e+19,10,75657,-9.5744e-08,0,0.98727,-0.64261,4.4878,0.97925,0.0003668,0.020379
0.012359,0,0.045876,0.027092,5.0865e+19,10,74157,-4.4129e-06,0,0.98727,-0.64261,8.6833,0.9945,2.6534e-05,0.0054703
0.01245,0,0.045912,0.02719,4.9647e+19,10,72101,-6.4537e-06,0,0.98726,-0.64262,15.262,0.99822,2.6783e-06,0.0017725
0.01255,0,0.045923,0.027291,4.8284e+19,10,70159,-7.1801e-06,0,0.98726,-0.64264,21.255,0.99909,6.7516e-07,0.00091413
0.012651,0,0.045927,0.027392,4.6888e+19,10,68379,-7.5163e-06,0,0.98725,-0.64266,26.93,0.99943,2.4732e-07,0.00056952
0.012751,0,0.045927,0.027492,4.5501e+19,10,66595,-7.6631e-06,0,0.98725,-0.64269,32.742,0.99961,1.0664e-07,0.00038533
0.012851,0,0.045925,0.027592,4.4097e+19,10,64503,-7.6569e-06,0,0.98724,-0.64273,39.552,0.99974,4.7056e-08,0.0002641
0.012949,0,0.045918,0.02769,4.2714e+19,10,60294,-7.337e-06,0,0.98724,-0.64282,50.349,0.99984,1.6817e-08,0.00016302
0.01288,0,0.045897,0.027762,4.3691e+19,10,57074,-6.059e-06,0,0.98724,-0.64305,68.55,0.99991,5.1212e-09,8.7999e-05
0.012787,0,0.045889,0.027856,4.5004e+19,10,54734,-5.4946e-06,0,0.98725,-0.64314,74.03,0.99992,3.995e-09,7.5475e-05
0.012685,0,0.045882,0.027958,4.6424e+19,10,52743,-4.991e-06,0,0.98725,-0.64322,78.302,0.99993,3.3966e-09,6.7479e-05
0.012583,0,0.045875,0.028059,4.7826e+19,10,51013,-4.5488e-06,0,0.98726,-0.64329,81.687,0.99994,3.0435e-09,6.2016e-05
0.012482,0,0.04587,0.028161,4.9205e+19,10,49434,-4.1465e-06,0,0.98726,-0.64335,84.517,0.99994,2.8113e-09,5.7943e-05
0.012382,0,0.045864,0.028261,5.056e+19,10,47955,-3.7731e-06,0,0.98727,-0.64341,86.959,0.99995,2.6487e-09,5.4744e-05
0.012281,0,0.045859,0.028362,5.189e+19,10,46547,-3.422e-06,0,0.98727,-0.64346,89.107,0.99995,2.5305e-09,5.2145e-05
0.012181,0,0.045855,0.028463,5.3194e+19,10,45193,-3.0892e-06,0,0.98728,-0.64351,91.023,0.99995,2.4424e-09,4.998e-05
0.01208,0,0.04585,0.028563,5.4469e+19,10,43883,-2.7717e-06,0,0.98728,-0.64355,92.747,0.99995,2.3757e-09,4.8146e-05
0.01198,0,0.045846,0.028663,5.5713e+19,10,42610,-2.4676e-06,0,0.98729,-0.6436,94.309,0.99995,2.3249e-09,4.657e-05
0.01188,0,0.045841,0.028764,5.6923e+19,10,41369,-2.1752e-06,0,0.9873,-0.64364,95.731,0.99995,2.286e-09,4.5202e-05
0.01178,0,0.045837,0.028864,5.8098e+19,10,40157,-1.8933e-06,0,0.9873,-0.64367,97.031,0.99996,2.2564e-09,4.4005e-05
0.01168,0,0.045833,0.028964,5.9235e+19,10,38971,-1.621e-06,0,0.98731,-0.64371,98.22,0.99996,2.234e-09,4.295e-05
0.01158,0,0.045829,0.029064,6.0331e+19,10,37810,-1.3576e-06,0,0.98731,-0.64374,99.311,0.99996,2.2173e-09,4.2016e-05
0.01148,0,0.045825,0.029164,6.1384e+19,10,36674,-1.1023e-06,0,0.98732,-0.64377,100.31,0.99996,2.2053e-09,4.1186e-05
0.01138,0,0.045821,0.029264,6.2392e+19,10,35561,-8.5465e-07,0,0.98732,-0.6438,101.23,0.99996,2.1968e-09,4.0446e-05
0.01128,0,0.045817,0.029364,6.3351e+19,10,34472,-6.1421e-07,0,0.98733,-0.64382,102.07,0.99996,2.1912e-09,3.9786e-05
0.01118,0,0.045814,0.029464,6.4262e+19,10,33406,-3.8057e-07,0,0.98733,-0.64385,102.84,0.99996,2.188e-09,3.9195e-05
0.01108,0,0.04581,0.029565,6.5127e+19,10,32364,-1.5339e-07,0,0.98734,-0.64387,103.55,0.99996,2.1865e-09,3.8664e-05
0.01098,0,0.045806,0.029665,6.5947e+19,10,31345,6.7605e-08,0,0.98734,-0.64389,104.2,0.99996,2.1864e-09,3.8184e-05
0.01088,0,0.045802,0.029765,6.6724e+19,10,30349,2.8267e-07,0,0.98735,-0.6439,104.8,0.99996,2.1874e-09,3.775e-05
0.01078,0,0.045799,0.029864,6.7458e+19,10,29379,4.916e-07,0,0.98735,-0.64392,105.35,0.99996,2.1893e-09,3.7357e-05
0.01068,0,0.045795,0.029964,6.8155e+19,10,28429,6.9549e-07,0,0.98736,-0.64393,105.86,0.99996,2.1919e-09,3.6998e-05
0.01058,0,0.045792,0.030065,6.8814e+19,10,27504,8.9401e-07,0,0.98736,-0.64394,106.34,0.99996,2.195e-09,3.667e-05
0.01048,0,0.045788,0.030165,6.9437e+19,10,26602,1.0873e-06,0,0.98737,-0.64395,106.77,0.99996,2.1984e-09,3.637e-05
0.01038,0,0.045784,0.030265,7.0025e+19,10,25723,1.2755e-06,0,0.98737,-0.64396,107.18,0.99996,2.2021e-09,3.6095e-05
0.01028,0,0.045781,0.030365,7.0582e+19,10,24868,1.4587e-06,0,0.98737,-0.64396,107.56,0.99996,2.206e-09,3.5842e-05
0.01018,0,0.045777,0.030465,7.1107e+19,10,24036,1.637e-06,0,0.98738,-0.64396,107.91,0.99996,2.21e-09,3.561e-05
0.01008,0,0.045774,0.030565,7.1604e+19,10,23227,1.8106e-06,0,0.98738,-0.64396,108.24,0.99996,2.214e-09,3.5395e-05
0.0099802,0,0.04577,0.030665,7.2073e+19,10,22441,1.9795e-06,0,0.98739,-0.64396,108.54,0.99996,2.2181e-09,3.5196e-05
0.0098803,0,0.045767,0.030765,7.2517e+19,10,21677,2.1437e-06,0,0.98739,-0.64396,108.83,0.99996,2.2221e-09,3.5012e-05
0.0097803,0,0.045763,0.030865,7.2937e+19,10,20936,2.3035e-06,0,0.9874,-0.64395,109.09,0.99997,2.2261e-09,3.4841e-05
0.0096803,0,0.04576,0.030965,7.3335e+19,10,20216,2.4587e-06,0,0.9874,-0.64394,109.34,0.99997,2.2301e-09,3.4682e-05
0.0095804,0,0.045757,0.031065,7.3712e+19,10,19518,2.6094e-06,0,0.98741,-0.64393,109.57,0.99997,2.234e-09,3.4533e-05
0.0094805,0,0.045753,0.031165,7.4071e+19,10,18841,2.7559e-06,0,0.98741,-0.64392,109.79,0.99997,2.2378e-09,3.4393e-05
0.0093805,0,0.04575,0.031265,7.4413e+19,10,18185,2.898e-06,0,0.98741,-0.64391,110,0.99997,2.2415e-09,3.4262e-05
0.0092806,0,0.045746,0.031365,7.4741e+19,10,17549,3.0358e-06,0,0.98742,-0.64389,110.2,0.99997,2.2451e-09,3.4138e-05
0.0091806,0,0.045743,0.031465,7.5054e+19,10,16933,3.1694e-06,0,0.98742,-0.64387,110.39,0.99997,2.2487e-09,3.402e-05
0.0090807,0,0.045739,0.031565,7.5357e+19,10,16337,3.2988e-06,0,0.98743,-0.64385,110.57,0.99997,2.2523e-09,3.3908e-05
0.0089807,0,0.045736,0.031665,7.5649e+19,10,15759,3.4241e-06,0,0.98743,-0.64383,110.74,0.99997,2.2558e-09,3.38e-05
0.0088808,0,0.045733,0.031765,7.5933e+19,10,15200,3.5452e-06,0,0.98743,-0.64381,110.9,0.99997,2.2592e-09,3.3697e-05
0.0087808,0,0.045729,0.031865,7.6211e+19,10,14659,3.6621e-06,0,0.98744,-0.64378,111.06,0.99997,2.2626e-09,3.3596e-05
0.0086809,0,0.045726,0.031965,7.6484e+19,10,14135,3.775e-06,0,0.98744,-0.64375,111.22,0.99997,2.2661e-09,3.3499e-05
0.0085809,0,0.045723,0.032065,7.6754e+19,10,13629,3.8839e-06,0,0.98745,-0.64372,111.38,0.99997,2.2695e-09,3.3403e-05
0.008481,0,0.045719,0.032165,7.7023e+19,10,13139,3.9887e-06,0,0.98745,-0.64369,111.53,0.99997,2.273e-09,3.3308e-05
0.008381,0,0.045716,0.032265,7.7293e+19,10,12665,4.0895e-06,0,0.98745,-0.64365,111.68,0.99997,2.2766e-09,3.3214e-05
0.0082811,0,0.045712,0.032365,7.7565e+19,10,12207,4.1863e-06,0,0.98746,-0.64362,111.83,0.99997,2.2802e-09,3.3121e-05
0.0081811,0,0.045709,0.032465,7.7841e+19,10,11764,4.2791e-06,0,0.98746,-0.64358,111.98,0.99997,2.284e-09,3.3026e-05
0.0080812,0,0.045706,0.032565,7.8122e+19,10,11335,4.3679e-06,0,0.98747,-0.64354,112.14,0.99997,2.2879e-09,3.2931e-05
0.0079812,0,0.045702,0.032665,7.8411e+19,10,10921,4.4528e-06,0,0.98747,-0.6435,112.3,0.99997,2.2919e-09,3.2834e-05
0.0078813,0,0.045699,0.032765,7.871e+19,10,10521,4.5337e-06,0,0.98747,-0.64345,112.46,0.99997,2.2962e-09,3.2736e-05
0.0077814,0,0.045696,0.032865,7.9019e+19,10,10133,4.6108e-06,0,0.98748,-0.64341,112.62,0.99997,2.3007e-09,3.2634e-05
0.0076814,0,0.045692,0.032965,7.9341e+19,10,9759.1,4.6839e-06,0,0.98748,-0.64336,112.8,0.99997,2.3054e-09,3.2531e-05
0.0075815,0,0.045689,0.033065,7.9678e+19,10,9397.1,4.7531e-06,0,0.98748,-0.64331,112.97,0.99997,2.3105e-09,3.2423e-05
0.0074815,0,0.045686,0.033165,8.003e+19,10,9047.2,4.8184e-06,0,0.98749,-0.64326,113.16,0.99997,2.3159e-09,3.2313e-05
0.0073815,0,0.045682,0.033265,8.04e+19,10,8708.6,4.8799e-06,0,0.98749,-0.64321,113.35,0.99997,2.3216e-09,3.2198e-05
0.0072815,0,0.045679,0.033365,8.0785e+19,10,8381.4,4.9375e-06,0,0.98749,-0.64315,113.55,0.99997,2.3277e-09,3.2081e-05
0.0071816,0,0.045676,0.033465,8.1185e+19,10,8065,4.9912e-06,0,0.9875,-0.64309,113.75,0.99997,2.3341e-09,3.1961e-05
0.0070816,0,0.045673,0.033565,8.1599e+19,10,7759.2,5.0411e-06,0,0.9875,-0.64303,113.96,0.99997,2.3408e-09,3.1839e-05
0.0069816,0,0.045669,0.033665,8.2026e+19,10,7463.4,5.0872e-06,0,0.9875,-0.64297,114.17,0.99997,2.3479e-09,3.1715e-05
0.0068817,0,0.045666,0.033765,8.2464e+19,10,7177.5,5.1294e-06,0,0.98751,-0.64291,114.38,0.99997,2.3552e-09,3.1589e-05
0.0067817,0,0.045663,0.033865,8.2914e+19,10,6901.1,5.1679e-06,0,0.98751,-0.64284,114.6,0.99997,2.3629e-09,3.1462e-05
0.0066818,0,0.04566,0.033965,8.3373e+19,10,6633.9,5.2026e-06,0,0.98751,-0.64278,114.82,0.99997,2.3708e-09,3.1335e-05
0.0065818,0,0.045656,0.034065,8.3841e+19,10,6375.7,5.2335e-06,0,0.98751,-0.64271,115.05,0.99997,2.3791e-09,3.1207e-05
0.0064818,0,0.045653,0.034165,8.4317e+19,10,6126.1,5.2607e-06,0,0.98752,-0.64264,115.27,0.99997,2.3875e-09,3.1079e-05
0.0063819,0,0.04565,0.034265,8.48e+19,10,5885,5.2842e-06,0,0.98752,-0.64256,115.49,0.99997,2.3963e-09,3.0951e-05
0.0062819,0,0.045647,0.034365,8.5289e+19,10,5652,5.304e-06,0,0.98752,-0.64249,115.72,0.99997,2.4052e-09,3.0824e-05
0.006182,0,0.045643,0.034465,8.5783e+19,10,5427,5.3202e-06,0,0.98753,-0.64241,115.94,0.99997,2.4144e-09,3.0697e-05
0.006082,0,0.04564,0.034565,8.6281e+19,10,5209.7,5.3327e-06,0,0.98753,-0.64234,116.17,0.99997,2.4237e-09,3.0572e-05
0.0059821,0,0.045637,0.034665,8.6781e+19,10,4999.9,5.3415e-06,0,0.98753,-0.64225,116.39,0.99997,2.4332e-09,3.0447e-05
0.0058821,0,0.045634,0.034765,8.7284e+19,10,4797.4,5.3468e-06,0,0.98753,-0.64217,116.61,0.99997,2.4429e-09,3.0324e-05
0.0057822,0,0.045631,0.034865,8.7787e+19,10,4602,5.3485e-06,0,0.98754,-0.64209,116.83,0.99997,2.4527e-09,3.0203e-05
0.0056822,0,0.045628,0.034965,8.8291e+19,10,4413.5,5.3466e-06,0,0.98754,-0.642,117.05,0.99997,2.4627e-09,3.0083e-05
0.0055822,0,0.045624,0.035065,8.8793e+19,10,4231.6,5.3412e-06,0,0.98754,-0.64191,117.26,0.99997,2.4727e-09,2.9965e-05
0.0054823,0,0.045621,0.035165,8.9294e+19,10,4056.3,5.3322e-06,0,0.98754,-0.64182,117.47,0.99997,2.4828e-09,2.985e-05
0.0053823,0,0.045618,0.035265,8.9791e+19,10,3887.2,5.3198e-06,0,0.98755,-0.64173,117.68,0.99997,2.4929e-09,2.9736e-05
0.0052824,0,0.045615,0.035365,9.0284e+19,10,3724.3,5.3039e-06,0,0.98755,-0.64164,117.88,0.99997,2.5031e-09,2.9625e-05
0.0051824,0,0.045612,0.035465,9.0773e+19,10,3567.4,5.2845e-06,0,0.98755,-0.64154,118.08,0.99997,2.5132e-09,2.9517e-05
0.0050825,0,0.045609,0.035565,9.1255e+19,10,3416.3,5.2618e-06,0,0.98755,-0.64145,118.27,0.99997,2.5233e-09,2.9411e-05
0.0049825,0,0.045605,0.035665,9.173e+19,10,3270.8,5.2356e-06,0,0.98756,-0.64135,118.46,0.99997,2.5334e-09,2.9307e-05
0.0048827,0,0.045602,0.035765,9.2197e+19,10,3130.9,5.2061e-06,0,0.98756,-0.64125,118.65,0.99997,2.5433e-09,2.9207e-05
0.0047828,0,0.045599,0.035865,9.2655e+19,10,2996.2,5.1731e-06,0,0.98756,-0.64114,118.83,0.99997,2.5532e-09,2.9109e-05
0.0046828,0,0.045596,0.035965,9.3103e+19,10,2866.6,5.1369e-06,0,0.98756,-0.64104,119,0.99997,2.5629e-09,2.9015e-05
0.0045829,0,0.045593,0.036065,9.3541e+19,10,2742,5.0973e-06,0,0.98756,-0.64093,119.17,0.99997,2.5725e-09,2.8923e-05
0.0044829,0,0.04559,0.036165,9.3966e+19,10,2622.2,5.0544e-06,0,0.98757,-0.64082,119.33,0.99997,2.5818e-09,2.8835e-05
0.004383,0,0.045587,0.036265,9.4378e+19,10,2507.2,5.0082e-06,0,0.98757,-0.64071,119.49,0.99997,2.591e-09,2.875e-05
0.004283,0,0.045584,0.036365,9.4777e+19,10,2396.7,4.9588e-06,0,0.98757,-0.6406,119.64,0.99997,2.5999e-09,2.8668e-05
0.0041831,0,0.045581,0.036465,9.516e+19,10,2290.6,4.9061e-06,0,0.98757,-0.64049,119.78,0.99997,2.6085e-09,2.8589e-05
0.0040831,0,0.045578,0.036565,9.5528e+19,10,2188.9,4.8502e-06,0,0.98757,-0.64037,119.92,0.99997,2.6168e-09,2.8514e-05
0.0039832,0,0.045575,0.036665,9.5878e+19,10,2091.2,4.7911e-06,0,0.98758,-0.64026,120.05,0.99997,2.6247e-09,2.8442e-05
0.0038832,0,0.045571,0.036765,9.6211e+19,10,1997.6,4.7289e-06,0,0.98758,-0.64014,120.17,0.99997,2.6323e-09,2.8374e-05
0.0037833,0,0.045568,0.036865,9.6525e+19,10,1907.8,4.6634e-06,0,0.98758,-0.64002,120.28,0.99997,2.6395e-09,2.831e-05
0.0036834,0,0.045565,0.036965,9.6819e+19,10,1821.8,4.5948e-06,0,0.98758,-0.63989,120.39,0.99997,2.6462e-09,2.8249e-05
0.0035833,0,0.045562,0.037065,9.7092e+19,10,1739.4,4.5231e-06,0,0.98758,-0.63977,120.49,0.99997,2.6525e-09,2.8192e-05
0.0034834,0,0.045559,0.037165,9.7346e+19,10,1660.5,4.4483e-06,0,0.98758,-0.63964,120.58,0.99997,2.6584e-09,2.8139e-05
0.0033835,0,0.045556,0.037265,9.758e+19,10,1585.1,4.3703e-06,0,0.98759,-0.63952,120.66,0.99997,2.6638e-09,2.8088e-05
0.0032835,0,0.045553,0.037365,9.7796e+19,10,1512.8,4.2894e-06,0,0.98759,-0.63939,120.74,0.99997,2.6689e-09,2.8041e-05
0.0031836,0,0.04555,0.037465,9.7994e+19,10,1443.7,4.2053e-06,0,0.98759,-0.63926,120.81,0.99997,2.6735e-09,2.7997e-05
0.0030836,0,0.045547,0.037565,9.8176e+19,10,1377.7,4.1182e-06,0,0.98759,-0.63912,120.87,0.99997,2.6777e-09,2.7956e-05
0.0029837,0,0.045544,0.037665,9.834e+19,10,1314.5,4.0281e-06,0,0.98759,-0.63899,120.93,0.99997,2.6815e-09,2.7917e-05
0.0028837,0,0.045541,0.037765,9.8489e+19,10,1254.1,3.9349e-06,0,0.98759,-0.63885,120.98,0.99997,2.685e-09,2.7881e-05
0.0027838,0,0.045538,0.037865,9.8623e+19,10,1196.5,3.8387e-06,0,0.98759,-0.63872,121.03,0.99997,2.6881e-09,2.7848e-05
0.0026838,0,0.045535,0.037965,9.8743e+19,10,1141.4,3.7396e-06,0,0.9876,-0.63858,121.07,0.99997,2.6909e-09,2.7816e-05
0.0025839,0,0.045532,0.038065,9.8848e+19,10,1088.7,3.6374e-06,0,0.9876,-0.63844,121.11,0.99997,2.6934e-09,2.7787e-05
0.002484,0,0.045529,0.038165,9.8941e+19,10,1038.5,3.5323e-06,0,0.9876,-0.63829,121.14,0.99997,2.6956e-09,2.776e-05
0.002384,0,0.045526,0.038265,9.9022e+19,10,990.5,3.4243e-06,0,0.9876,-0.63815,121.17,0.99997,2.6975e-09,2.7734e-05
0.0022841,0,0.045523,0.038365,9.9091e+19,10,944.7,3.3133e-06,0,0.9876,-0.638,121.19,0.99997,2.6991e-09,2.771e-05
0.0021841,0,0.04552,0.038465,9.9149e+19,10,900.99,3.1994e-06,0,0.9876,-0.63786,121.21,0.99997,2.7004e-09,2.7688e-05
0.0020842,0,0.045517,0.038565,9.9197e+19,10,859.28,3.0825e-06,0,0.9876,-0.63771,121.23,0.99997,2.7015e-09,2.7668e-05
0.0019842,0,0.045514,0.038665,9.9235e+19,10,819.48,2.9628e-06,0,0.9876,-0.63756,121.24,0.99997,2.7024e-09,2.7648e-05
0.0018843,0,0.045511,0.038765,9.9265e+19,10,781.51,2.8401e-06,0,0.9876,-0.63741,121.25,0.99997,2.7031e-09,2.763e-05
0.0017843,0,0.045508,0.038865,9.9286e+19,10,745.29,2.7146e-06,0,0.9876,-0.63725,121.26,0.99997,2.7036e-09,2.7614e-05
0.0016844,0,0.045505,0.038965,9.93e+19,10,710.75,2.5862e-06,0,0.98761,-0.6371,121.27,0.99997,2.7039e-09,2.7598e-05
0.0015844,0,0.045502,0.039065,9.9307e+19,10,677.8,2.4549e-06,0,0.98761,-0.63694,121.27,0.99997,2.704e-09,2.7583e-05
0.0014845,0,0.045499,0.039165,9.9308e+19,10,646.37,2.3208e-06,0,0.98761,-0.63678,121.27,0.99997,2.704e-09,2.7569e-05
0.0013845,0,0.045496,0.039265,9.9304e+19,10,616.41,2.1839e-06,0,0.98761,-0.63662,121.27,0.99997,2.7038e-09,2.7556e-05
0.0012846,0,0.045493,0.039365,9.9295e+19,10,587.83,2.0441e-06,0,0.98761,-0.63646,121.27,0.99997,2.7036e-09,2.7543e-05
0.0011846,0,0.04549,0.039465,9.9282e+19,10,560.58,1.9015e-06,0,0.98761,-0.6363,121.26,0.99997,2.7033e-09,2.7531e-05
0.0010663,0,0.045486,0.039583,9.9262e+19,10,529.97,1.7291e-06,0,0.98761,-0.63611,121.26,0.99997,2.7028e-09,2.7517e-05
0.00094286,0,0.045482,0.039707,9.9238e+19,10,499.81,1.545e-06,0,0.98761,-0.6359,121.25,0.99997,2.7021e-09,2.7503e-05
0.00088473,0,0.04548,0.039765,9.9225e+19,10,486.21,1.4568e-06,0,0.98761,-0.63581,121.25,0.99997,2.7018e-09,2.7496e-05
0.00078478,0,0.045477,0.039865,9.9203e+19,10,463.69,1.303e-06,0,0.98761,-0.63564,121.24,0.99997,2.7013e-09,2.7485e-05
0.00068482,0,0.045474,0.039965,9.918e+19,10,442.22,1.1464e-06,0,0.98761,-0.63547,121.23,0.99997,2.7007e-09,2.7474e-05
0.00058487,0,0.045471,0.040065,9.9157e+19,10,421.74,9.871e-07,0,0.98761,-0.6353,121.22,0.99997,2.7001e-09,2.7462e-05
0.00046326,0,0.045468,0.040186,9.913e+19,10,398.11,7.8954e-07,0,0.98761,-0.63509,121.21,0.99997,2.6995e-09,2.7448e-05
0.00028681,0,0.045462,0.040363,9.9096e+19,10,366.18,4.9571e-07,0,0.98761,-0.63478,121.2,0.99997,2.6986e-09,2.7427e-05
0.00015748,0,0.045459,0.040492,9.9077e+19,10,344.41,2.7494e-07,0,0.98761,-0.63455,121.2,0.99997,2.6982e-09,2.741e-05
-0.00022455,0,0.045447,0.040875,9.9086e+19,10,287.39,-4.0359e-07,0,0.98761,-0.63386,121.2,0.99997,2.6984e-09,2.7349e-05
-0.00032451,0,0.045444,0.040975,9.9103e+19,10,274.09,-5.8758e-07,0,0.98761,-0.63368,121.2,0.99997,2.6988e-09,2.7331e-05
-0.00042446,0,0.045441,0.041075,9.9122e+19,10,261.41,-7.7422e-07,0,0.98761,-0.63349,121.21,0.99997,2.6993e-09,2.7312e-05
-0.00052442,0,0.045438,0.041175,9.9144e+19,10,249.31,-9.6353e-07,0,0.98761,-0.63331,121.22,0.99997,2.6998e-09,2.7292e-05
-0.00062438,0,0.045435,0.041275,9.9166e+19,10,237.77,-1.1555e-06,0,0.98761,-0.63312,121.23,0.99997,2.7004e-09,2.7273e-05
-0.00072433,0,0.045432,0.041375,9.9189e+19,10,226.77,-1.35e-06,0,0.98761,-0.63293,121.23,0.99997,2.7009e-09,2.7253e-05
-0.00082428,0,0.045429,0.041475,9.9212e+19,10,216.26,-1.5472e-06,0,0.98761,-0.63274,121.24,0.99997,2.7015e-09,2.7233e-05
-0.00092424,0,0.045426,0.041575,9.9234e+19,10,206.25,-1.747e-06,0,0.98761,-0.63255,121.25,0.99997,2.702e-09,2.7214e-05
-0.0010242,0,0.045423,0.041675,9.9254e+19,10,196.69,-1.9493e-06,0,0.98761,-0.63235,121.25,0.99997,2.7026e-09,2.7194e-05
-0.0011241,0,0.04542,0.041775,9.9272e+19,10,187.58,-2.1543e-06,0,0.98761,-0.63216,121.26,0.99997,2.703e-09,2.7175e-05
-0.0012241,0,0.045417,0.041875,9.9287e+19,10,178.88,-2.3618e-06,0,0.98761,-0.63196,121.27,0.99997,2.7034e-09,2.7156e-05
-0.001324,0,0.045414,0.041975,9.9299e+19,10,170.59,-2.5719e-06,0,0.98761,-0.63176,121.27,0.99997,2.7037e-09,2.7137e-05
-0.001424,0,0.045411,0.042075,9.9306e+19,10,162.68,-2.7845e-06,0,0.98761,-0.63157,121.27,0.99997,2.7039e-09,2.7119e-05
-0.0015239,0,0.045408,0.042175,9.9309e+19,10,155.14,-2.9997e-06,0,0.98761,-0.63137,121.27,0.99997,2.704e-09,2.7102e-05
-0.0016239,0,0.045405,0.042275,9.9305e+19,10,147.95,-3.2174e-06,0,0.98761,-0.63116,121.27,0.99997,2.704e-09,2.7085e-05
-0.0017238,0,0.045402,0.042375,9.9296e+19,10,141.09,-3.4376e-06,0,0.98761,-0.63096,121.27,0.99997,2.7038e-09,2.7069e-05
-0.0018238,0,0.045399,0.042475,9.9279e+19,10,134.55,-3.6604e-06,0,0.9876,-0.63076,121.26,0.99997,2.7034e-09,2.7055e-05
-0.0019237,0,0.045396,0.042575,9.9254e+19,10,128.31,-3.8856e-06,0,0.9876,-0.63055,121.25,0.99997,2.7028e-09,2.7041e-05
-0.0020237,0,0.045393,0.042675,9.9221e+19,10,122.37,-4.1134e-06,0,0.9876,-0.63035,121.24,0.99997,2.7021e-09,2.7029e-05
-0.0021236,0,0.04539,0.042775,9.9179e+19,10,116.7,-4.3436e-06,0,0.9876,-0.63014,121.22,0.99997,2.7011e-09,2.7017e-05
-0.0022236,0,0.045387,0.042875,9.9127e+19,10,111.3,-4.5763e-06,0,0.9876,-0.62993,121.21,0.99997,2.6999e-09,2.7008e-05
-0.0023235,0,0.045384,0.042975,9.9065e+19,10,106.15,-4.8114e-06,0,0.9876,-0.62972,121.18,0.99997,2.6985e-09,2.6999e-05
-0.0024235,0,0.045381,0.043075,9.8992e+19,10,101.25,-5.049e-06,0,0.9876,-0.62951,121.16,0.99997,2.6968e-09,2.6993e-05
-0.0025234,0,0.045378,0.043174,9.8906e+19,10,96.572,-5.2891e-06,0,0.9876,-0.6293,121.13,0.99997,2.6948e-09,2.6988e-05
-0.0026234,0,0.045375,0.043274,9.8808e+19,10,92.116,-5.5316e-06,0,0.9876,-0.62908,121.09,0.99997,2.6925e-09,2.6985e-05
-0.0027233,0,0.045372,0.043374,9.8697e+19,10,87.871,-5.7765e-06,0,0.9876,-0.62887,121.05,0.99997,2.6899e-09,2.6984e-05
-0.0028232,0,0.045369,0.043474,9.8572e+19,10,83.826,-6.0239e-06,0,0.98759,-0.62865,121.01,0.99997,2.687e-09,2.6985e-05
-0.0029233,0,0.045366,0.043575,9.8432e+19,10,79.97,-6.2739e-06,0,0.98759,-0.62843,120.96,0.99997,2.6837e-09,2.6988e-05
-0.0030232,0,0.045363,0.043675,9.8277e+19,10,76.3,-6.5261e-06,0,0.98759,-0.62821,120.91,0.99997,2.6801e-09,2.6994e-05
-0.0031232,0,0.04536,0.043775,9.8106e+19,10,72.804,-6.7807e-06,0,0.98759,-0.62799,120.85,0.99997,2.6761e-09,2.7002e-05
-0.0032231,0,0.045357,0.043875,9.7918e+19,10,69.475,-7.0377e-06,0,0.98759,-0.62777,120.78,0.99997,2.6717e-09,2.7013e-05
-0.0033231,0,0.045354,0.043975,9.7713e+19,10,66.304,-7.2971e-06,0,0.98759,-0.62755,120.71,0.99997,2.6669e-09,2.7026e-05
-0.003423,0,0.045351,0.044075,9.749e+19,10,63.286,-7.5588e-06,0,0.98759,-0.62733,120.63,0.99997,2.6617e-09,2.7042e-05
-0.003523,0,0.045348,0.044175,9.7248e+19,10,60.411,-7.823e-06,0,0.98758,-0.62711,120.54,0.99997,2.6561e-09,2.7062e-05
-0.0036229,0,0.045345,0.044275,9.6986e+19,10,57.675,-8.0895e-06,0,0.98758,-0.62688,120.45,0.99997,2.6501e-09,2.7085e-05
-0.0037229,0,0.045342,0.044374,9.6705e+19,10,55.07,-8.3584e-06,0,0.98758,-0.62666,120.35,0.99997,2.6436e-09,2.7111e-05
-0.0038228,0,0.045339,0.044474,9.6403e+19,10,52.591,-8.6297e-06,0,0.98758,-0.62643,120.24,0.99997,2.6367e-09,2.714e-05
-0.0039226,0,0.045336,0.044574,9.6082e+19,10,50.235,-8.903e-06,0,0.98758,-0.6262,120.12,0.99997,2.6294e-09,2.7174e-05
-0.0040226,0,0.045333,0.044674,9.5742e+19,10,47.989,-9.179e-06,0,0.98758,-0.62597,120,0.99997,2.6216e-09,2.721e-05
-0.0041225,0,0.04533,0.044774,9.5385e+19,10,45.851,-9.4573e-06,0,0.98757,-0.62574,119.86,0.99997,2.6135e-09,2.725e-05
-0.0042225,0,0.045327,0.044874,9.5011e+19,10,43.817,-9.7381e-06,0,0.98757,-0.62551,119.73,0.99997,2.6051e-09,2.7293e-05
-0.0043224,0,0.045324,0.044974,9.4621e+19,10,41.881,-1.0021e-05,0,0.98757,-0.62528,119.58,0.99997,2.5964e-09,2.7339e-05
-0.0044224,0,0.045321,0.045074,9.4217e+19,10,40.039,-1.0307e-05,0,0.98757,-0.62505,119.43,0.99997,2.5874e-09,2.7389e-05
-0.0045223,0,0.045318,0.045174,9.38e+19,10,38.285,-1.0594e-05,0,0.98757,-0.62482,119.27,0.99997,2.5782e-09,2.7441e-05
-0.0046223,0,0.045315,0.045274,9.3369e+19,10,36.616,-1.0885e-05,0,0.98756,-0.62458,119.1,0.99997,2.5688e-09,2.7497e-05
-0.0047222,0,0.045312,0.045374,9.2928e+19,10,35.028,-1.1177e-05,0,0.98756,-0.62435,118.93,0.99997,2.5591e-09,2.7555e-05
-0.0048222,0,0.045309,0.045474,9.2475e+19,10,33.516,-1.1472e-05,0,0.98756,-0.62411,118.76,0.99997,2.5493e-09,2.7616e-05
-0.0049222,0,0.045306,0.045574,9.2013e+19,10,32.076,-1.1769e-05,0,0.98756,-0.62387,118.58,0.99997,2.5394e-09,2.768e-05
-0.0050221,0,0.045303,0.045674,9.1543e+19,10,30.705,-1.2069e-05,0,0.98756,-0.62364,118.39,0.99997,2.5294e-09,2.7746e-05
-0.0051221,0,0.0453,0.045774,9.1065e+19,10,29.4,-1.2371e-05,0,0.98755,-0.6234,118.2,0.99997,2.5193e-09,2.7815e-05
-0.005222,0,0.045297,0.045874,9.058e+19,10,28.157,-1.2675e-05,0,0.98755,-0.62316,118,0.99997,2.5092e-09,2.7886e-05
-0.005322,0,0.045294,0.045974,9.0089e+19,10,26.973,-1.2982e-05,0,0.98755,-0.62292,117.8,0.99997,2.4991e-09,2.796e-05
-0.005422,0,0.045291,0.046074,8.9594e+19,10,25.845,-1.3291e-05,0,0.98755,-0.62268,117.59,0.99997,2.4889e-09,2.8036e-05
-0.0055219,0,0.045288,0.046174,8.9096e+19,10,24.771,-1.3602e-05,0,0.98754,-0.62244,117.39,0.99997,2.4788e-09,2.8114e-05
-0.0056219,0,0.045285,0.046274,8.8594e+19,10,23.746,-1.3916e-05,0,0.98754,-0.6222,117.17,0.99997,2.4687e-09,2.8194e-05
-0.0057218,0,0.045282,0.046374,8.8091e+19,10,22.77,-1.4232e-05,0,0.98754,-0.62196,116.96,0.99997,2.4587e-09,2.8275e-05
-0.0058218,0,0.045278,0.046474,8.7588e+19,10,21.839,-1.4551e-05,0,0.98754,-0.62171,116.74,0.99997,2.4489e-09,2.8358e-05
-0.0059218,0,0.045275,0.046574,8.7084e+19,10,20.952,-1.4872e-05,0,0.98753,-0.62147,116.52,0.99997,2.4391e-09,2.8443e-05
-0.0060217,0,0.045272,0.046674,8.6582e+19,10,20.105,-1.5195e-05,0,0.98753,-0.62122,116.3,0.99997,2.4295e-09,2.8529e-05
-0.0061217,0,0.045269,0.046774,8.6083e+19,10,19.297,-1.5521e-05,0,0.98753,-0.62098,116.08,0.99997,2.42e-09,2.8616e-05
-0.0062217,0,0.045266,0.046874,8.5586e+19,10,18.526,-1.5849e-05,0,0.98753,-0.62073,115.85,0.99997,2.4107e-09,2.8704e-05
-0.0063216,0,0.045263,0.046974,8.5094e+19,10,17.79,-1.6179e-05,0,0.98752,-0.62049,115.63,0.99997,2.4016e-09,2.8793e-05
-0.0064216,0,0.04526,0.047074,8.4608e+19,10,17.088,-1.6512e-05,0,0.98752,-0.62024,115.4,0.99997,2.3928e-09,2.8883e-05
-0.0065216,0,0.045257,0.047174,8.4127e+19,10,16.417,-1.6847e-05,0,0.98752,-0.61999,115.18,0.99997,2.3842e-09,2.8972e-05
-0.0066215,0,0.045254,0.047274,8.3654e+19,10,15.775,-1.7185e-05,0,0.98751,-0.61974,114.96,0.99997,2.3758e-09,2.9061e-05
-0.0067215,0,0.04525,0.047375,8.3189e+19,10,15.162,-1.7525e-05,0,0.98751,-0.61949,114.73,0.99997,2.3677e-09,2.9151e-05
-0.0068215,0,0.045247,0.047475,8.2734e+19,10,14.577,-1.7867e-05,0,0.98751,-0.61924,114.51,0.99997,2.3598e-09,2.9239e-05
-0.0069214,0,0.045244,0.047575,8.2288e+19,10,14.017,-1.8212e-05,0,0.98751,-0.61899,114.3,0.99997,2.3523e-09,2.9327e-05
-0.0070214,0,0.045241,0.047675,8.1854e+19,10,13.481,-1.8558e-05,0,0.9875,-0.61874,114.08,0.99997,2.3451e-09,2.9413e-05
-0.0071213,0,0.045238,0.047775,8.1433e+19,10,12.968,-1.8908e-05,0,0.9875,-0.61849,113.87,0.99997,2.3381e-09,2.9498e-05
-0.0072213,0,0.045235,0.047875,8.1024e+19,10,12.477,-1.9259e-05,0,0.9875,-0.61824,113.67,0.99997,2.3315e-09,2.958e-05
-0.0073212,0,0.045232,0.047975,8.063e+19,10,12.007,-1.9614e-05,0,0.98749,-0.61798,113.47,0.99997,2.3252e-09,2.9661e-05
-0.0074212,0,0.045228,0.048075,8.0251e+19,10,11.557,-1.997e-05,0,0.98749,-0.61773,113.27,0.99997,2.3193e-09,2.9738e-05
-0.0075212,0,0.045225,0.048175,7.9888e+19,10,11.125,-2.0329e-05,0,0.98749,-0.61747,113.08,0.99997,2.3137e-09,2.9813e-05
-0.0076211,0,0.045222,0.048275,7.9542e+19,10,10.712,-2.069e-05,0,0.98748,-0.61722,112.9,0.99997,2.3085e-09,2.9884e-05
-0.0077211,0,0.045219,0.048375,7.9212e+19,10,10.315,-2.1053e-05,0,0.98748,-0.61696,112.73,0.99997,2.3036e-09,2.9952e-05
-0.007821,0,0.045216,0.048475,7.8895e+19,10,9.9345,-2.1419e-05,0,0.98748,-0.6167,112.56,0.99997,2.2989e-09,3.0017e-05
